-- Generated by scripts/seed-d1.ts. Do not edit by hand.
-- Re-run with: bun run scripts/seed-d1.ts

DELETE FROM bench_results;
DELETE FROM qsets;
DELETE FROM docs;

INSERT INTO docs (id, type, slug, title) VALUES ('memo/12-factor-app', 'memo', '12-factor-app', 'The Twelve-Factor App');
INSERT INTO docs (id, type, slug, title) VALUES ('memo/agile-manifesto', 'memo', 'agile-manifesto', 'Agile software development');
INSERT INTO docs (id, type, slug, title) VALUES ('memo/bus-factor', 'memo', 'bus-factor', 'Bus factor');
INSERT INTO docs (id, type, slug, title) VALUES ('memo/conway-law', 'memo', 'conway-law', 'Conway''s law');
INSERT INTO docs (id, type, slug, title) VALUES ('memo/postmortem-doc', 'memo', 'postmortem-doc', 'Postmortem documentation');
INSERT INTO docs (id, type, slug, title) VALUES ('news/key-bridge-collapse', 'news', 'key-bridge-collapse', 'Francis Scott Key Bridge collapse');
INSERT INTO docs (id, type, slug, title) VALUES ('news/notre-dame-fire', 'news', 'notre-dame-fire', 'Notre-Dame de Paris fire');
INSERT INTO docs (id, type, slug, title) VALUES ('news/paris-2024-olympics', 'news', 'paris-2024-olympics', '2024 Summer Olympics');
INSERT INTO docs (id, type, slug, title) VALUES ('news/tohoku-earthquake', 'news', 'tohoku-earthquake', '2011 Tōhoku earthquake and tsunami');
INSERT INTO docs (id, type, slug, title) VALUES ('other/curl-readme', 'other', 'curl-readme', '[![curl logo](https://curl.se/logo/curl-logo.svg)](https://curl.se/)');
INSERT INTO docs (id, type, slug, title) VALUES ('other/git-readme', 'other', 'git-readme', '');
INSERT INTO docs (id, type, slug, title) VALUES ('other/json-spec', 'other', 'json-spec', 'JSON');
INSERT INTO docs (id, type, slug, title) VALUES ('other/pep-8', 'other', 'pep-8', 'PEP 8 – Style Guide for Python Code');
INSERT INTO docs (id, type, slug, title) VALUES ('other/wikipedia-readme', 'other', 'wikipedia-readme', 'README');
INSERT INTO docs (id, type, slug, title) VALUES ('paper/attention-is-all-you-need', 'paper', 'attention-is-all-you-need', 'Attention Is All You Need');
INSERT INTO docs (id, type, slug, title) VALUES ('paper/bert', 'paper', 'bert', 'BERT: Pre-training of Deep Bidirectional Transformers for Language Understanding');
INSERT INTO docs (id, type, slug, title) VALUES ('paper/chinchilla', 'paper', 'chinchilla', 'Training Compute-Optimal Large Language Models');
INSERT INTO docs (id, type, slug, title) VALUES ('paper/llama2', 'paper', 'llama2', 'Llama 2: Open Foundation and Fine-Tuned Chat Models');
INSERT INTO docs (id, type, slug, title) VALUES ('paper/mistral-7b', 'paper', 'mistral-7b', 'Mistral 7B');
INSERT INTO docs (id, type, slug, title) VALUES ('policy/gdpr', 'policy', 'gdpr', 'General Data Protection Regulation');
INSERT INTO docs (id, type, slug, title) VALUES ('policy/paris-agreement', 'policy', 'paris-agreement', 'Paris Agreement');
INSERT INTO docs (id, type, slug, title) VALUES ('policy/rfc-7540-http2', 'policy', 'rfc-7540-http2', 'RFC 7540: Hypertext Transfer Protocol Version 2 (HTTP/2)');
INSERT INTO docs (id, type, slug, title) VALUES ('policy/rfc-9293-tcp', 'policy', 'rfc-9293-tcp', 'RFC 9293: Transmission Control Protocol (TCP)');
INSERT INTO docs (id, type, slug, title) VALUES ('report/doomsday-clock', 'report', 'doomsday-clock', 'Doomsday Clock');
INSERT INTO docs (id, type, slug, title) VALUES ('report/ipcc-ar6', 'report', 'ipcc-ar6', 'IPCC Sixth Assessment Report');
INSERT INTO docs (id, type, slug, title) VALUES ('report/limits-to-growth', 'report', 'limits-to-growth', 'The Limits to Growth');
INSERT INTO docs (id, type, slug, title) VALUES ('report/pisa', 'report', 'pisa', 'Programme for International Student Assessment');
INSERT INTO docs (id, type, slug, title) VALUES ('report/stern-review', 'report', 'stern-review', 'Stern Review');
INSERT INTO docs (id, type, slug, title) VALUES ('transcript/gettysburg-address', 'transcript', 'gettysburg-address', 'Gettysburg Address');
INSERT INTO docs (id, type, slug, title) VALUES ('transcript/i-have-a-dream', 'transcript', 'i-have-a-dream', 'I Have a Dream');
INSERT INTO docs (id, type, slug, title) VALUES ('transcript/jfk-inaugural', 'transcript', 'jfk-inaugural', 'JFK Inaugural Address');
INSERT INTO docs (id, type, slug, title) VALUES ('transcript/pearl-harbor-speech', 'transcript', 'pearl-harbor-speech', 'Day of Infamy Speech');

INSERT INTO qsets (q_id, doc_id, question, reference, position) VALUES ('gdpr-q1', 'policy/gdpr', 'When did the GDPR become effective?', 'The GDPR became effective on May 25, 2018, after being adopted by the European Parliament and Council on April 14, 2016.', 0);
INSERT INTO qsets (q_id, doc_id, question, reference, position) VALUES ('gdpr-q2', 'policy/gdpr', 'What is the maximum fine for the most serious GDPR violations?', 'Up to 20 million euros or 4% of total worldwide annual turnover of the preceding financial year, whichever is higher.', 1);
INSERT INTO qsets (q_id, doc_id, question, reference, position) VALUES ('gdpr-q3', 'policy/gdpr', 'Under Article 6, what are the lawful bases for processing personal data?', 'Six grounds: explicit data subject consent, fulfilling contractual obligations, complying with legal requirements, protecting vital interests, performing public tasks, and pursuing legitimate interests unless overridden by data subject rights.', 2);
INSERT INTO qsets (q_id, doc_id, question, reference, position) VALUES ('gdpr-q4', 'policy/gdpr', 'What is the default minimum age for valid consent under GDPR, and how can it differ across member states?', '16 years old by default; member states have the option to lower the threshold to 13.', 3);
INSERT INTO qsets (q_id, doc_id, question, reference, position) VALUES ('gdpr-q5', 'policy/gdpr', 'How quickly must controllers notify supervisory authorities of a personal data breach?', 'Within 72 hours.', 4);
INSERT INTO qsets (q_id, doc_id, question, reference, position) VALUES ('p24-q1', 'news/paris-2024-olympics', 'When and where did the 2024 Summer Olympics take place?', 'In France from July 26 to August 11, 2024 (with certain events beginning on July 24); Paris was the host city, with events distributed across 16 other metropolitan French locations and surfing in Teahupo''o, Tahiti.', 0);
INSERT INTO qsets (q_id, doc_id, question, reference, position) VALUES ('p24-q2', 'news/paris-2024-olympics', 'How many athletes, events, and sports were featured?', '10,714 athletes competing across 329 events in 32 sports comprising 48 disciplines.', 1);
INSERT INTO qsets (q_id, doc_id, question, reference, position) VALUES ('p24-q3', 'news/paris-2024-olympics', 'Which countries topped the medal table by gold and how did they compare?', 'The United States and China tied for first on gold medals with 40 each; the U.S. won 126 total medals to China''s 91. It was the first time the two nations tied in gold.', 2);
INSERT INTO qsets (q_id, doc_id, question, reference, position) VALUES ('p24-q4', 'news/paris-2024-olympics', 'Which new sports debuted or returned at Paris 2024?', 'Breaking made its Olympic debut. Skateboarding, sport climbing, and surfing returned after debuting at the 2020 Games.', 3);
INSERT INTO qsets (q_id, doc_id, question, reference, position) VALUES ('p24-q5', 'news/paris-2024-olympics', 'What was unusual about the opening ceremony?', 'It departed from tradition by occurring outside a stadium: athletes paraded by boat along the Seine from Pont d''Austerlitz to Pont d''Iéna, with cultural performances at landmarks. The Olympic cauldron used LED lighting and aerosol jets rather than actual combustion for the first time.', 4);
INSERT INTO qsets (q_id, doc_id, question, reference, position) VALUES ('tcp-q1', 'policy/rfc-9293-tcp', 'What does RFC 9293 specify and what does it obsolete?', 'RFC 9293 specifies the Transmission Control Protocol (TCP); it consolidates and updates the TCP specification, replacing earlier RFCs including RFC 793, with corrections, clarifications, and updates accumulated over decades.', 0);
INSERT INTO qsets (q_id, doc_id, question, reference, position) VALUES ('tcp-q2', 'policy/rfc-9293-tcp', 'What guarantees does TCP provide to applications?', 'Reliable, in-order, byte-stream delivery between endpoints, with congestion control and flow control over the unreliable IP network layer.', 1);
INSERT INTO qsets (q_id, doc_id, question, reference, position) VALUES ('tcp-q3', 'policy/rfc-9293-tcp', 'What is the three-way handshake?', 'The connection establishment procedure where the initiator sends SYN, the responder replies with SYN-ACK, and the initiator confirms with ACK, synchronising sequence numbers in both directions.', 2);
INSERT INTO qsets (q_id, doc_id, question, reference, position) VALUES ('tcp-q4', 'policy/rfc-9293-tcp', 'How does TCP detect and recover from packet loss?', 'Through cumulative acknowledgements, retransmission timers, and selective retransmission; lost segments are detected via missing ACKs or timeouts and retransmitted.', 3);
INSERT INTO qsets (q_id, doc_id, question, reference, position) VALUES ('tcp-q5', 'policy/rfc-9293-tcp', 'What is congestion control in TCP and why does it matter?', 'TCP adjusts sending rate based on observed network conditions (slow start, congestion avoidance, fast retransmit, fast recovery) to prevent collapse of the shared network when many flows compete for bandwidth.', 4);

INSERT INTO bench_results (run_id, doc_id, question_id, mode, model, input_tokens, output_tokens, latency_ms, citations, judge_score, judge_rationale) VALUES ('20260510-094128', 'policy/gdpr', 'gdpr-q1', 'raw', 'google/gemma-4-31b-it', 1025, 15, 1450, 0, 2, 'The candidate answer correctly identifies the exact date when GDPR became effective (May 25, 2018), which directly answers the question asked. While the reference answer provides additional context about the adoption date (April 14, 2016), this extra information was not requested in the question. The candidate answer is fully correct and complete for what was asked.');
INSERT INTO bench_results (run_id, doc_id, question_id, mode, model, input_tokens, output_tokens, latency_ms, citations, judge_score, judge_rationale) VALUES ('20260510-094128', 'policy/gdpr', 'gdpr-q1', 'pack', 'google/gemma-4-31b-it', 641, 13, 4610, 0, 2, 'The candidate answer correctly states that the GDPR became effective on May 25, 2018, which directly answers the question asked. While the reference answer includes additional context about the adoption date (April 14, 2016), this information was not requested in the question. The question specifically asks ''When did the GDPR become effective?'' and the candidate provides the precise and complete answer to that question.');
INSERT INTO bench_results (run_id, doc_id, question_id, mode, model, input_tokens, output_tokens, latency_ms, citations, judge_score, judge_rationale) VALUES ('20260510-094128', 'policy/gdpr', 'gdpr-q2', 'raw', 'google/gemma-4-31b-it', 1030, 46, 3440, 0, 2, 'The candidate answer is fully correct. It accurately states the maximum fine as up to 20 million euros or 4% of total worldwide annual turnover of the preceding financial year, whichever is higher. The phrase ''most fundamental obligations'' is synonymous with ''most serious violations'' in the GDPR context, as both refer to the higher tier of penalties under Article 83(5) and (6). The answer includes all essential elements with proper precision.');
INSERT INTO bench_results (run_id, doc_id, question_id, mode, model, input_tokens, output_tokens, latency_ms, citations, judge_score, judge_rationale) VALUES ('20260510-094128', 'policy/gdpr', 'gdpr-q2', 'pack', 'google/gemma-4-31b-it', 646, 21, 2210, 0, 2, 'The candidate answer is fully correct. It accurately states the maximum fine as up to 4% of global annual turnover or €20 million, which matches the reference answer''s ''20 million euros or 4% of total worldwide annual turnover.'' The order of presentation is reversed and ''whichever is higher'' is implicit rather than explicit, but the substantive content is complete and accurate. The terms ''global annual turnover'' and ''total worldwide annual turnover'' are equivalent, and ''€20 million'' and ''20 mill');
INSERT INTO bench_results (run_id, doc_id, question_id, mode, model, input_tokens, output_tokens, latency_ms, citations, judge_score, judge_rationale) VALUES ('20260510-094128', 'policy/gdpr', 'gdpr-q3', 'raw', 'google/gemma-4-31b-it', 1033, 49, 7700, 0, 2, 'The candidate answer is fully correct. It accurately identifies all six lawful bases for processing personal data under Article 6: (1) explicit data subject consent, (2) fulfilling contractual obligations, (3) complying with legal requirements, (4) protecting vital interests, (5) performing public tasks, and (6) pursuing legitimate interests unless overridden by data subject rights. The answer matches the reference answer in substance and completeness, with only minor stylistic differences in ph');
INSERT INTO bench_results (run_id, doc_id, question_id, mode, model, input_tokens, output_tokens, latency_ms, citations, judge_score, judge_rationale) VALUES ('20260510-094128', 'policy/gdpr', 'gdpr-q3', 'pack', 'google/gemma-4-31b-it', 649, 49, 3110, 0, 2, 'The candidate answer is fully correct. It accurately identifies all six lawful bases for processing personal data under Article 6: (1) explicit data subject consent, (2) fulfilling contractual obligations, (3) complying with legal requirements, (4) protecting vital interests, (5) performing public tasks, and (6) pursuing legitimate interests unless overridden by data subject rights. The answer matches the reference answer in substance and completeness, with only minor stylistic differences in ph');
INSERT INTO bench_results (run_id, doc_id, question_id, mode, model, input_tokens, output_tokens, latency_ms, citations, judge_score, judge_rationale) VALUES ('20260510-094128', 'policy/gdpr', 'gdpr-q4', 'raw', 'google/gemma-4-31b-it', 1039, 27, 17720, 0, 2, 'The candidate answer is fully correct. It accurately states that the default minimum age for valid consent under GDPR is 16 years old and correctly explains that member states can lower this threshold to 13. The answer matches the reference answer in substance, with the only difference being the use of quotation marks around ''lower this threshold to 13,'' which does not affect the accuracy or completeness of the response.');
INSERT INTO bench_results (run_id, doc_id, question_id, mode, model, input_tokens, output_tokens, latency_ms, citations, judge_score, judge_rationale) VALUES ('20260510-094128', 'policy/gdpr', 'gdpr-q4', 'pack', 'google/gemma-4-31b-it', 655, 3, 2320, 0, 0, 'The candidate answer states ''not in document'' which indicates they could not find the information. However, the reference answer provides specific information: the default minimum age is 16 years old, with member states able to lower it to 13. The candidate''s response is incorrect as it fails to provide any of the required information about GDPR consent age requirements.');
INSERT INTO bench_results (run_id, doc_id, question_id, mode, model, input_tokens, output_tokens, latency_ms, citations, judge_score, judge_rationale) VALUES ('20260510-094128', 'policy/gdpr', 'gdpr-q5', 'raw', 'google/gemma-4-31b-it', 1032, 15, 11390, 0, 2, 'The candidate answer is fully correct. It accurately states that controllers must notify supervisory authorities within 72 hours, which matches the reference answer exactly. The additional context about ''data breaches'' is appropriate and does not detract from the accuracy of the core requirement.');
INSERT INTO bench_results (run_id, doc_id, question_id, mode, model, input_tokens, output_tokens, latency_ms, citations, judge_score, judge_rationale) VALUES ('20260510-094128', 'policy/gdpr', 'gdpr-q5', 'pack', 'google/gemma-4-31b-it', 648, 3, 1220, 0, 0, 'The candidate answer states ''not in document'' when the correct answer is ''Within 72 hours.'' This is a factually incorrect response, as the 72-hour notification requirement for personal data breaches is a well-established provision in data protection regulations (specifically GDPR Article 33). The candidate failed to provide the correct information.');
INSERT INTO bench_results (run_id, doc_id, question_id, mode, model, input_tokens, output_tokens, latency_ms, citations, judge_score, judge_rationale) VALUES ('20260510-094128', 'news/paris-2024-olympics', 'p24-q1', 'raw', 'google/gemma-4-31b-it', 1499, 72, 2100, 0, 2, 'The candidate answer is fully correct and complete. It accurately states the dates (July 26 to August 11, 2024, with some events starting July 24), the location (France), the host city (Paris), the distribution across 16 other metropolitan French locations, and the specific surfing venue in Teahupo''o, Tahiti. The answer matches all key information from the reference answer, with the only difference being the addition of ''French Polynesia'' which provides helpful context without contradicting the ');
INSERT INTO bench_results (run_id, doc_id, question_id, mode, model, input_tokens, output_tokens, latency_ms, citations, judge_score, judge_rationale) VALUES ('20260510-094128', 'news/paris-2024-olympics', 'p24-q1', 'pack', 'google/gemma-4-31b-it', 471, 45, 7300, 0, 2, 'The candidate answer correctly identifies all key information: the location (France), the dates (July 26 to August 11, 2024), Paris as the host city, and the 16 other metropolitan French locations. While it doesn''t mention the events beginning on July 24 or the surfing in Teahupo''o, Tahiti, these are additional details beyond the core question of ''when and where.'' The candidate fully answers the question asked with accurate information.');
INSERT INTO bench_results (run_id, doc_id, question_id, mode, model, input_tokens, output_tokens, latency_ms, citations, judge_score, judge_rationale) VALUES ('20260510-094128', 'news/paris-2024-olympics', 'p24-q2', 'raw', 'google/gemma-4-31b-it', 1497, 18, 2650, 0, 2, 'The candidate answer correctly states all three key numbers requested: 10,714 athletes, 329 events, and 32 sports. While the reference answer includes the additional detail of ''48 disciplines,'' this was not asked for in the question. The candidate answer fully and accurately answers what was asked.');
INSERT INTO bench_results (run_id, doc_id, question_id, mode, model, input_tokens, output_tokens, latency_ms, citations, judge_score, judge_rationale) VALUES ('20260510-094128', 'news/paris-2024-olympics', 'p24-q2', 'pack', 'google/gemma-4-31b-it', 469, 18, 3370, 0, 2, 'The candidate answer correctly states all three key numbers requested: 10,714 athletes, 329 events, and 32 sports. While the reference answer includes the additional detail of ''48 disciplines,'' this was not asked for in the question. The candidate answer fully and accurately answers what was asked.');
INSERT INTO bench_results (run_id, doc_id, question_id, mode, model, input_tokens, output_tokens, latency_ms, citations, judge_score, judge_rationale) VALUES ('20260510-094128', 'news/paris-2024-olympics', 'p24-q3', 'raw', 'google/gemma-4-31b-it', 1500, 42, 3280, 0, 2, 'The candidate answer is fully correct. It accurately states that the United States and China tied with 40 gold medals each, and correctly provides the total medal counts (126 for the U.S. and 91 for China). While it doesn''t explicitly mention this was the first time the two nations tied in gold, the core factual content answering the question about which countries topped the medal table and how they compared is complete and accurate.');
INSERT INTO bench_results (run_id, doc_id, question_id, mode, model, input_tokens, output_tokens, latency_ms, citations, judge_score, judge_rationale) VALUES ('20260510-094128', 'news/paris-2024-olympics', 'p24-q3', 'pack', 'google/gemma-4-31b-it', 472, 16, 1820, 0, 1, 'The candidate correctly identifies that the US and China tied for the most gold medals with 40 each. However, it is missing key comparative information from the reference answer: (1) the total medal counts (US: 126, China: 91), (2) the historical significance that this was the first time the two nations tied in gold. The answer is partially correct but incomplete.');
INSERT INTO bench_results (run_id, doc_id, question_id, mode, model, input_tokens, output_tokens, latency_ms, citations, judge_score, judge_rationale) VALUES ('20260510-094128', 'news/paris-2024-olympics', 'p24-q4', 'raw', 'google/gemma-4-31b-it', 1498, 26, 3060, 0, 2, 'The candidate answer is fully correct. It accurately identifies breaking as making its Olympic debut at Paris 2024 and correctly lists skateboarding, sport climbing, and surfing as sports that returned after debuting at the 2020 Games. The information matches the reference answer completely, with only minor stylistic differences in quotation marks that do not affect accuracy.');
INSERT INTO bench_results (run_id, doc_id, question_id, mode, model, input_tokens, output_tokens, latency_ms, citations, judge_score, judge_rationale) VALUES ('20260510-094128', 'news/paris-2024-olympics', 'p24-q4', 'pack', 'google/gemma-4-31b-it', 470, 3, 1490, 0, 0, 'The candidate answer states ''not in document'' which indicates they could not find the information. However, the reference answer provides specific sports that debuted (Breaking) and returned (Skateboarding, sport climbing, and surfing) at Paris 2024. The candidate failed to provide any of this correct information, making their answer completely incorrect.');
INSERT INTO bench_results (run_id, doc_id, question_id, mode, model, input_tokens, output_tokens, latency_ms, citations, judge_score, judge_rationale) VALUES ('20260510-094128', 'news/paris-2024-olympics', 'p24-q5', 'raw', 'google/gemma-4-31b-it', 1494, 65, 2760, 0, 2, 'The candidate answer is fully correct. It accurately captures all key unusual elements from the reference answer: (1) the ceremony occurred outside a stadium, (2) athletes paraded by boat along the Seine from Pont d''Austerlitz to Pont d''Iéna, and (3) the Olympic cauldron used LED lighting and aerosol jets instead of actual combustion for the first time. While the candidate omits the detail about ''cultural performances at landmarks,'' this is a minor supporting detail and the core unusual aspects ');
INSERT INTO bench_results (run_id, doc_id, question_id, mode, model, input_tokens, output_tokens, latency_ms, citations, judge_score, judge_rationale) VALUES ('20260510-094128', 'news/paris-2024-olympics', 'p24-q5', 'pack', 'google/gemma-4-31b-it', 466, 14, 2030, 0, 1, 'The candidate answer correctly identifies one unusual aspect (occurring outside a stadium), which is a key point from the reference answer. However, it is incomplete as it omits other significant unusual elements: the specific details about athletes parading by boat along the Seine, cultural performances at landmarks, and the innovative Olympic cauldron using LED lighting and aerosol jets instead of actual combustion. The answer is partially correct but missing substantial detail.');
INSERT INTO bench_results (run_id, doc_id, question_id, mode, model, input_tokens, output_tokens, latency_ms, citations, judge_score, judge_rationale) VALUES ('20260510-094128', 'policy/rfc-9293-tcp', 'tcp-q1', 'raw', 'google/gemma-4-31b-it', 700, 53, 4880, 0, 2, 'The candidate answer is fully correct. It accurately states that RFC 9293 specifies the Transmission Control Protocol (TCP) and provides a complete list of the RFCs it obsoletes (RFC 793, RFC 879, RFC 2873, RFC 6093, RFC 6429, RFC 6528, and RFC 6691). While the reference answer provides additional context about consolidation and updates, the candidate answer directly and accurately answers both parts of the question with precise information.');
INSERT INTO bench_results (run_id, doc_id, question_id, mode, model, input_tokens, output_tokens, latency_ms, citations, judge_score, judge_rationale) VALUES ('20260510-094128', 'policy/rfc-9293-tcp', 'tcp-q1', 'pack', 'google/gemma-4-31b-it', 421, 53, 2990, 0, 2, 'The candidate answer is fully correct. It accurately states that RFC 9293 specifies the Transmission Control Protocol (TCP) and provides a comprehensive list of the RFCs it obsoletes (RFC 793, RFC 879, RFC 2873, RFC 6093, RFC 6429, RFC 6528, and RFC 6691). While the reference answer provides additional context about consolidation and updates, the candidate answer directly and accurately answers both parts of the question with specific details from the document.');
INSERT INTO bench_results (run_id, doc_id, question_id, mode, model, input_tokens, output_tokens, latency_ms, citations, judge_score, judge_rationale) VALUES ('20260510-094128', 'policy/rfc-9293-tcp', 'tcp-q2', 'raw', 'google/gemma-4-31b-it', 695, 3, 10230, 0, 0, 'The candidate answer ''not in document'' does not address the question about TCP guarantees. The reference answer correctly identifies that TCP provides reliable, in-order, byte-stream delivery with congestion and flow control. The candidate provides no information about TCP''s guarantees, making it completely incorrect.');
INSERT INTO bench_results (run_id, doc_id, question_id, mode, model, input_tokens, output_tokens, latency_ms, citations, judge_score, judge_rationale) VALUES ('20260510-094128', 'policy/rfc-9293-tcp', 'tcp-q2', 'pack', 'google/gemma-4-31b-it', 416, 3, 940, 0, 0, 'The candidate answer ''not in document'' does not address the question about TCP guarantees. The reference answer correctly identifies TCP''s key guarantees: reliable delivery, in-order delivery, byte-stream abstraction, congestion control, and flow control. The candidate provides no information about these guarantees and instead claims the information is not available, which is incorrect.');
INSERT INTO bench_results (run_id, doc_id, question_id, mode, model, input_tokens, output_tokens, latency_ms, citations, judge_score, judge_rationale) VALUES ('20260510-094128', 'policy/rfc-9293-tcp', 'tcp-q3', 'raw', 'google/gemma-4-31b-it', 694, 3, 2000, 0, 0, 'The candidate answer states ''not in document'' instead of providing any explanation of the three-way handshake. The reference answer describes the TCP connection establishment procedure (SYN, SYN-ACK, ACK sequence). The candidate provides no information about the concept, making it completely incorrect.');
INSERT INTO bench_results (run_id, doc_id, question_id, mode, model, input_tokens, output_tokens, latency_ms, citations, judge_score, judge_rationale) VALUES ('20260510-094128', 'policy/rfc-9293-tcp', 'tcp-q3', 'pack', 'google/gemma-4-31b-it', 415, 3, 1250, 0, 0, 'The candidate answer states ''not in document'' instead of providing any explanation of the three-way handshake. The reference answer describes the TCP connection establishment procedure (SYN, SYN-ACK, ACK sequence). The candidate provides no information about the concept, making it completely incorrect.');
INSERT INTO bench_results (run_id, doc_id, question_id, mode, model, input_tokens, output_tokens, latency_ms, citations, judge_score, judge_rationale) VALUES ('20260510-094128', 'policy/rfc-9293-tcp', 'tcp-q4', 'raw', 'google/gemma-4-31b-it', 697, 46, 2250, 0, 0, 'The candidate answer states that the document does not describe the specific mechanisms for TCP packet loss detection and recovery. This is a ''not in document'' response that fails to answer the question. The reference answer expects specific mechanisms (cumulative acknowledgements, retransmission timers, selective retransmission, missing ACKs, timeouts) to be described. The candidate provides no technical content about these mechanisms, only a meta-statement about what the document does or doesn');
INSERT INTO bench_results (run_id, doc_id, question_id, mode, model, input_tokens, output_tokens, latency_ms, citations, judge_score, judge_rationale) VALUES ('20260510-094128', 'policy/rfc-9293-tcp', 'tcp-q4', 'pack', 'google/gemma-4-31b-it', 418, 36, 2070, 0, 0, 'The candidate answer states that the document does not explain how TCP detects or recovers from packet loss, only mentioning that RFC 793 provides examples of packet retransmission. This is a ''not in document'' response rather than an actual answer to the question. The reference answer expects specific mechanisms (cumulative acknowledgements, retransmission timers, selective retransmission, missing ACKs, timeouts), none of which are provided by the candidate. The candidate is essentially declinin');
INSERT INTO bench_results (run_id, doc_id, question_id, mode, model, input_tokens, output_tokens, latency_ms, citations, judge_score, judge_rationale) VALUES ('20260510-094128', 'policy/rfc-9293-tcp', 'tcp-q5', 'raw', 'google/gemma-4-31b-it', 699, 47, 3300, 0, 0, 'The candidate answer only provides a meta-statement about congestion control being a TCP requirement and acknowledging its complexity, without actually explaining what congestion control is or why it matters. It fails to address the core question: the reference answer explains that TCP adjusts sending rate based on network conditions (mentioning specific mechanisms like slow start, congestion avoidance, fast retransmit, fast recovery) to prevent network collapse when multiple flows compete for b');
INSERT INTO bench_results (run_id, doc_id, question_id, mode, model, input_tokens, output_tokens, latency_ms, citations, judge_score, judge_rationale) VALUES ('20260510-094128', 'policy/rfc-9293-tcp', 'tcp-q5', 'pack', 'google/gemma-4-31b-it', 420, 3, 1370, 0, 0, 'The candidate answer is ''not in document'', which provides no information about congestion control in TCP. The reference answer clearly explains that TCP congestion control adjusts sending rates based on network conditions using mechanisms like slow start, congestion avoidance, fast retransmit, and fast recovery to prevent network collapse when multiple flows compete for bandwidth. The candidate answer is completely wrong as it fails to address the question entirely.');

